id,first_name,last_name,email,gender,phone_number,city_id,city_name
1,Jarad,Claque,jclaque0@surveymonkey.com,Male,6285055599314,3173,Kota Jakarta Barat
2,Lavinia,Drewell,ldrewell1@netvibes.com,FeMale,6282085180500,3172,Kota Jakarta Utara
3,Marj,Philpault,mphilpault2@simplemachines.org,Male,6282154134421,3201,Kabupaten Bogor
4,Nikki,MacRonald,nmacronald3@irs.gov,Male,6285736919537,3202,Kabupaten Sukabumi
5,Vivianne,Trimbey,vtrimbey4@com.com,Male,6282518061295,3203,Kabupaten Cianjur
6,Norby,Drioli,ndrioli5@tripod.com,Male,6282012308835,3204,Kabupaten Bandung
7,Carson,Janjusevic,cjanjusevic6@gravatar.com,Male,6283021144839,3205,Kabupaten Garut
8,Harrietta,Lawman,hlawman7@jugem.jp,FeMale,6282675008607,3206,Kabupaten Tasikmalaya
9,Jackqueline,Fordham,jfordham8@amazonaws.com,FeMale,6283235362247,3207,Kabupaten Ciamis
10,Gerhardine,Brumbye,gbrumbye9@chron.com,FeMale,6289151650551,3208,Kabupaten Kuningan
11,Viole,McElhargy,vmcelhargya@hatena.ne.jp,Female,6282516040895,3209,Kabupaten Cirebon
12,Veriee,Wooddisse,vwooddisseb@1und1.de,Female,6284843656680,3210,Kabupaten Majalengka
13,Oneida,O'Doogan,oodooganc@multiply.com,FeMale,6282108815167,3211,Kabupaten Sumedang
14,Jemima,Stratiff,jstratiffd@ucsd.edu,FeMale,6283104400775,3212,Kabupaten Indramayu
15,Davidson,Quinby,dquinbye@bizjournals.com,Male,6289019998573,3213,Kabupaten Subang
16,Johna,Thurlborn,jthurlbornf@springer.com,FeMale,6289152387613,3214,Kabupaten Purwakarta
17,Leonardo,Burchfield,lburchfieldg@dagondesign.com,Male,6285712630136,3327,Kabupaten Pemalang
18,Davey,Latchford,dlatchfordh@netscape.com,Male,6282127741732,3328,Kabupaten Tegal
19,Lebbie,Hammerton,lhammertoni@amazon.com,FeMale,6282316543466,3329,Kabupaten Brebes
20,Cart,Braxay,cbraxayj@dell.com,Male,6289169329999,3371,Kota Magelang
21,Joanie,Cowely,jcowelyk@vk.com,FeMale,6282481427843,3372,Kota Surakarta
22,Cesaro,Kettridge,ckettridgel@squidoo.com,Male,6286511408847,3373,Kota Salatiga
23,Zorina,Spreadbury,zspreadburym@yellowbook.com,FeMale,6283124704068,3374,Kota Semarang
24,Juline,Chalcraft,jchalcraftn@blog.com,FeMale,6289128024160,3375,Kota Pekalongan
25,Jeremias,Langham,jlanghamo@furl.net,Male,6284069849822,3376,Kota Tegal
26,Thor,Van der Daal,tvanderdaalp@so-net.ne.jp,Male,6288048105541,3401,Kabupaten Kulon Progo
27,Candida,Klouz,cklouzq@pen.io,FeMale,6283033598364,3402,Kabupaten Bantul
28,Myer,Rush,mrushr@amazon.de,Male,6282533885754,3403,Kabupaten Gunung Kidul
29,Jard,Brough,jbroughs@tuttocitta.it,Male,6286148236487,3471,Kota Yogyakarta
30,Aundrea,Jimson,ajimsont@telegraph.co.uk,FeMale,6288129137347,3601,Kabupaten Pandeglang
31,Alexander,Collerd,acollerdu@elpais.com,Male,6287865859071,3602,Kabupaten Lebak
32,Pete,Rubanenko,prubanenkov@cloudflare.com,Male,6282022895944,3603,Kabupaten Tangerang
33,Major,Rapps,mrappsw@elpais.com,Male,6287133676993,3604,Kabupaten Serang
34,Bobine,Parncutt,bparncuttx@parallels.com,FeMale,6286099189286,3671,Kota Tangerang
35,Chrystel,MacRory,cmacroryy@wix.com,FeMale,6285154492640,3672,Kota Cilegon
36,Tarah,Deaconson,tdeaconsonz@spotify.com,Male,6288186442722,3673,Kota Serang
37,Micky,Dumphrey,mdumphrey10@stanford.edu,Male,6286101049862,3201,Kabupaten Bogor
38,Clerc,Odam,codam11@cbslocal.com,Male,6287244763405,3202,Kabupaten Sukabumi
39,Teodor,Atlee,tatlee12@virginia.edu,Male,6287135698270,3203,Kabupaten Cianjur
40,Min,Haglinton,mhaglinton13@oaic.gov.au,FeMale,6282162285026,3204,Kabupaten Bandung
41,Devy,Waryk,dwaryk14@phpbb.com,Male,6284052895000,3205,Kabupaten Garut
42,Charis,Cromar,ccromar15@columbia.edu,FeMale,6283365753389,3206,Kabupaten Tasikmalaya
43,Clio,Barringer,cbarringer16@aol.com,FeMale,6282023312096,3207,Kabupaten Ciamis
44,Georgiana,Stearns,gstearns17@gnu.org,FeMale,6284049867800,3208,Kabupaten Kuningan
45,Jaquelin,Ainsby,jainsby18@yolasite.com,Male,6283037363402,3209,Kabupaten Cirebon
46,Rocky,Perrin,rperrin19@pcworld.com,Male,6285403770385,3210,Kabupaten Majalengka
47,Drugi,Hadwick,dhadwick1a@nih.gov,Male,6284805499198,3211,Kabupaten Sumedang
48,Henrik,Ollivier,hollivier1b@omniture.com,Male,6283305121039,3212,Kabupaten Indramayu
49,Kaspar,MacGlory,kmacglory1c@biblegateway.com,Male,6289093226414,3213,Kabupaten Subang
50,Tamiko,Celle,tcelle1d@cafepress.com,FeMale,6289011373433,3214,Kabupaten Purwakarta
51,Lil,Mynett,lmynett1e@surveymonkey.com,FeMale,6285209100292,3215,Kabupaten Karawang
52,Olva,Alwell,oalwell1f@ovh.net,FeMale,6284808511745,3216,Kabupaten Bekasi
53,Robin,Mark,rmark1g@psu.edu,Male,6285743605890,3217,Kabupaten Bandung Barat
54,Lucita,Chavrin,lchavrin1h@skype.com,FeMale,6287133589777,3271,Kota Bogor
55,Putnam,Lipman,plipman1i@engadget.com,Male,6287177300524,3272,Kota Sukabumi
56,Morley,Risbie,mrisbie1j@foxnews.com,Male,6286089612749,3273,Kota Bandung
57,Titus,Dennison,tdennison1k@ifeng.com,Male,6287708477629,3274,Kota Cirebon
58,Bing,Bonifant,bbonifant1l@economist.com,Male,6282057788185,3275,Kota Bekasi
59,Babs,Berthe,bberthe1m@devhub.com,FeMale,6283043661490,3276,Kota Depok
60,Rowney,Merle,rmerle1n@indiegogo.com,Male,6285854735729,3277,Kota Cimahi
61,Vladamir,Surgood,vsurgood1o@live.com,Male,6287729556200,3278,Kota Tasikmalaya
62,Kristos,Youngman,kyoungman1p@ibm.com,Male,6284055975910,3279,Kota Banjar
63,Caryl,Ashdown,cashdown1q@photobucket.com,Male,6286154131968,3208,Kabupaten Kuningan
64,Stan,Kington,skington1r@zimbio.com,Male,6284044366847,3209,Kabupaten Cirebon
65,Avictor,Shann,ashann1s@nhs.uk,Male,6288186046705,3210,Kabupaten Majalengka
66,Maddy,Carloni,mcarloni1t@kickstarter.com,FeMale,6287852571701,3211,Kabupaten Sumedang
67,Angelo,Girardin,agirardin1u@networkadvertising.org,Male,6283029157305,3212,Kabupaten Indramayu
68,Lib,Tellwright,ltellwright1v@networkadvertising.org,FeMale,6284085797506,3213,Kabupaten Subang
69,Olin,Langlais,olanglais1w@businesswire.com,Male,6287318577651,3272,Kota Sukabumi
70,Eleanora,Schubuser,eschubuser1x@mysql.com,Female,6286019493885,3273,Kota Bandung
71,Nettle,Pointon,npointon1y@macromedia.com,FeMale,6288042827678,3274,Kota Cirebon
72,Durante,Redholls,dredholls1z@friendfeed.com,Male,6282075655641,3275,Kota Bekasi
73,Davide,McLukie,dmclukie20@state.tx.us,Male,6285598305758,3276,Kota Depok
74,Olivie,Gerhardt,ogerhardt21@globo.com,FeMale,6285711096427,3277,Kota Cimahi
75,Christal,Mabbitt,cmabbitt22@infoseek.co.jp,FeMale,6282255409171,3278,Kota Tasikmalaya
76,Radcliffe,Purches,rpurches23@vimeo.com,Male,6282123668302,3279,Kota Banjar
77,Ario,Ormiston,aormiston24@sina.com.cn,Male,6287044977191,3208,Kabupaten Kuningan
78,Deidre,Zavattieri,dzavattieri25@dropbox.com,FeMale,6282064637760,3209,Kabupaten Cirebon
79,Brittani,Chidgey,bchidgey26@webs.com,FeMale,6282531358695,3214,Kabupaten Purwakarta
80,Huntlee,Isaacs,hisaacs27@hexun.com,Male,6285208075206,3327,Kabupaten Pemalang
81,Ralph,Tremblot,rtremblot28@dropbox.com,Male,6288585345719,3328,Kabupaten Tegal
82,Nadiya,Broxup,nbroxup29@adobe.com,FeMale,6285711040381,3329,Kabupaten Brebes
83,Gavan,Freemantle,gfreemantle2a@icio.us,Male,6282147316642,3371,Kota Magelang
84,Irma,Nurcombe,inurcombe2b@flickr.com,FeMale,6282135004066,3372,Kota Surakarta
85,Piggy,Crannis,pcrannis2c@forbes.com,Male,6288066116725,3373,Kota Salatiga
86,Domenico,Kassel,dkassel2d@wikipedia.org,Male,6286196427652,3374,Kota Semarang
87,Courtney,Brumbye,cbrumbye2e@mac.com,FeMale,6288011610857,3375,Kota Pekalongan
88,Toddie,Dreghorn,tdreghorn2f@arstechnica.com,Male,6288067292955,3376,Kota Tegal
89,Kyla,Wildbore,kwildbore2g@newsvine.com,FeMale,6285717025615,3101,Kabupaten Kepulauan Seribu
90,Elisa,Hansemann,ehansemann2h@ameblo.jp,Male,6288185380736,3174,Kota Jakarta Selatan
91,Griffith,Cumo,gcumo2i@nbcnews.com,Female,6287817379210,3175,Kota Jakarta Timur
92,Kaiser,Philippsohn,kphilippsohn2j@dmoz.org,Male,6287575229801,3171,Kota Jakarta Pusat
93,Kenneth,Restieaux,krestieaux2k@about.me,Male,6283362939906,3173,Kota Jakarta Barat
94,Ann-marie,Cruce,acruce2l@reddit.com,FeMale,6288438277828,3172,Kota Jakarta Utara
95,Rosabella,Groocock,rgroocock2m@wikimedia.org,FeMale,6286023063199,3603,Kabupaten Tangerang
96,Feodor,Ollin,follin2n@dyndns.org,Male,6286156838185,3604,Kabupaten Serang
97,Belle,Mendez,bmendez2o@wp.com,FeMale,6289199691524,3671,Kota Tangerang
98,Erich,Lory,elory2p@yellowbook.com,Male,6284059599612,3672,Kota Cilegon
99,Karoly,Shorthouse,kshorthouse2q@shop-pro.jp,FeMale,6288596809592,3673,Kota Serang
100,Dulcie,Mattiello,dmattiello2r@phpbb.com,FeMale,6285051444407,3201,Kabupaten Bogor
101,Florinda,Benedikt,fbenedikt0@lulu.com,Female,6283537142391,3173,Kota Jakarta Barat
102,Ebenezer,Hatje,ehatje1@noaa.gov,Male,6283865730732,3172,Kota Jakarta Utara
103,Linc,Illston,lillston2@ustream.tv,Male,6286406484975,3201,Kabupaten Bogor
104,Karlens,Boydle,kboydle3@geocities.jp,Male,6287733509843,3202,Kabupaten Sukabumi
105,Chrisse,Sancraft,csancraft4@deliciousdays.com,Male,6283114166328,3203,Kabupaten Cianjur
106,Erek,Selbach,eselbach5@yolasite.com,Male,6289216871234,3204,Kabupaten Bandung
107,Leeanne,Timson,ltimson6@admin.ch,Female,6289187314106,3205,Kabupaten Garut
108,Sylvester,Tonnesen,stonnesen7@discuz.net,Male,6281014934491,3206,Kabupaten Tasikmalaya
109,Thedric,Matkovic,tmatkovic8@netvibes.com,Male,6282929659132,3207,Kabupaten Ciamis
110,Selby,Hillett,shillett9@technorati.com,Male,6282953968855,3208,Kabupaten Kuningan
111,Abbe,Corradi,acorradia@blogs.com,Male,6282759323734,3209,Kabupaten Cirebon
112,Cindee,South,csouthb@newsvine.com,Female,6287172412414,3210,Kabupaten Majalengka
113,Clarice,McKee,cmckeec@themeforest.net,Female,6286092584528,3211,Kabupaten Sumedang
114,Carol-jean,Grim,cgrimd@taobao.com,Female,6289774568724,3212,Kabupaten Indramayu
115,Andy,Scranedge,ascranedgee@patch.com,Female,6289814772063,3213,Kabupaten Subang
116,Gwenora,Haynesford,ghaynesfordf@nature.com,Female,6284151428056,3214,Kabupaten Purwakarta
117,Zelma,Roskams,zroskamsg@networkadvertising.org,Female,6286303687388,3327,Kabupaten Pemalang
118,Franchot,Dixey,fdixeyh@istockphoto.com,Male,6288485516590,3328,Kabupaten Tegal
119,Valida,Harmer,vharmeri@discuz.net,Female,6285528200811,3329,Kabupaten Brebes
120,Shellysheldon,Chastand,schastandj@quantcast.com,Male,6288691569210,3371,Kota Magelang
121,Crystie,Sprigings,csprigingsk@wired.com,Female,6288967651194,3372,Kota Surakarta
122,Markus,Yewen,myewenl@usatoday.com,Male,6285448818880,3373,Kota Salatiga
123,Gwendolen,Sproson,gsprosonm@pen.io,Female,6281387433063,3374,Kota Semarang
124,Jock,Feechan,jfeechann@state.gov,Male,6289381391499,3375,Kota Pekalongan
125,Alberik,Goulden,agouldeno@uol.com.br,Male,6286418951334,3376,Kota Tegal
126,Debra,Dashkov,ddashkovp@webeden.co.uk,Female,6284286478370,3401,Kabupaten Kulon Progo
127,Kathye,Dunstan,kdunstanq@reuters.com,Female,6284399564993,3402,Kabupaten Bantul
128,Bernita,Moar,bmoarr@bloglovin.com,Female,6287119674845,3403,Kabupaten Gunung Kidul
129,Barret,Chessman,bchessmans@histats.com,Male,6284177428654,3471,Kota Yogyakarta
130,Julissa,Litt,jlittt@nature.com,Female,6286261204548,3601,Kabupaten Pandeglang
131,Kiley,Briggs,kbriggsu@google.com.hk,Male,6288289610693,3602,Kabupaten Lebak
132,Maxim,Higford,mhigfordv@netvibes.com,Male,6283746191685,3603,Kabupaten Tangerang
133,Darin,Moulden,dmouldenw@princeton.edu,Male,6283094726104,3604,Kabupaten Serang
134,Tito,Fermin,tferminx@gov.uk,Male,6286367634804,3671,Kota Tangerang
135,Ole,Mackinder,omackindery@uiuc.edu,Male,6282822272952,3672,Kota Cilegon
136,Oran,Thow,othowz@macromedia.com,Male,6284277053497,3673,Kota Serang
137,Jandy,Sterry,jsterry10@amazon.com,Female,6284905034271,3201,Kabupaten Bogor
138,Kandace,Deex,kdeex11@etsy.com,Female,6282056361061,3202,Kabupaten Sukabumi
139,Beverie,Eyre,beyre12@hhs.gov,Female,6284775607107,3203,Kabupaten Cianjur
140,Josey,Birdwhistle,jbirdwhistle13@instagram.com,Female,6282536660823,3204,Kabupaten Bandung
141,Ashlie,Warmington,awarmington14@ibm.com,Female,6283219615023,3205,Kabupaten Garut
142,Knox,Fewkes,kfewkes15@etsy.com,Male,6289709908230,3206,Kabupaten Tasikmalaya
143,Ike,Simionescu,isimionescu16@mit.edu,Male,6281837972821,3207,Kabupaten Ciamis
144,Clemmy,Colvie,ccolvie17@odnoklassniki.ru,Female,6289788301462,3208,Kabupaten Kuningan
145,Saleem,Belden,sbelden18@wsj.com,Male,6287156912718,3209,Kabupaten Cirebon
146,Northrop,Lednor,nlednor19@odnoklassniki.ru,Male,6288823842768,3210,Kabupaten Majalengka
147,Jeanne,Martellini,jmartellini1a@webnode.com,Female,6289934238023,3211,Kabupaten Sumedang
148,Constance,Feake,cfeake1b@goodreads.com,Female,6282674546219,3212,Kabupaten Indramayu
149,Jolee,Layborn,jlayborn1c@wikipedia.org,Female,6287251001570,3213,Kabupaten Subang
150,Annalise,Golston,agolston1d@europa.eu,Female,6287467992155,3214,Kabupaten Purwakarta
151,Shirlene,Huetson,shuetson1e@oracle.com,Female,6285672521115,3215,Kabupaten Karawang
152,Jewel,Egan,jegan1f@liveinternet.ru,Female,6288882964590,3216,Kabupaten Bekasi
153,Lloyd,Preedy,lpreedy1g@cisco.com,Male,6285749692084,3217,Kabupaten Bandung Barat
154,Mair,Orht,morht1h@woothemes.com,Female,6283903049654,3271,Kota Bogor
155,Siana,Twiname,stwiname1i@smh.com.au,Female,6282746306072,3272,Kota Sukabumi
156,Gill,Lennarde,glennarde1j@mac.com,Male,6286677059369,3273,Kota Bandung
157,Brigham,Niland,bniland1k@amazon.de,Male,6283916726686,3274,Kota Cirebon
158,Thalia,Pelfer,tpelfer1l@craigslist.org,Female,6287436282522,3275,Kota Bekasi
159,Joy,Chaize,jchaize1m@apache.org,Female,6282078750755,3276,Kota Depok
160,Rosabelle,Shwenn,rshwenn1n@yolasite.com,Female,6281859542931,3277,Kota Cimahi
161,Sarge,Rosencrantz,srosencrantz1o@abc.net.au,Male,6286686995679,3278,Kota Tasikmalaya
162,Ashly,Pettiford,apettiford1p@blogs.com,Female,6285291501472,3279,Kota Banjar
163,Joyan,Bratch,jbratch1q@cornell.edu,Female,6284499511400,3208,Kabupaten Kuningan
164,Sheilah,Larrad,slarrad1r@fema.gov,Female,6287555190905,3209,Kabupaten Cirebon
165,Eric,Nobriga,enobriga1s@youku.com,Male,6286975208255,3210,Kabupaten Majalengka
166,Elihu,Alekhov,ealekhov1t@weebly.com,Male,6286129678736,3211,Kabupaten Sumedang
167,Margot,Mattiussi,mmattiussi1u@cam.ac.uk,Female,6283839499514,3212,Kabupaten Indramayu
168,Cordelie,Lethbrig,clethbrig1v@arizona.edu,Female,6283793727471,3213,Kabupaten Subang
169,Sheena,Pester,spester1w@youku.com,Female,6284194450051,3272,Kota Sukabumi
170,Arabela,Gravener,agravener1x@cbsnews.com,Female,6289445070925,3273,Kota Bandung
171,Thaxter,Whisker,twhisker1y@360.cn,Male,6283215564340,3274,Kota Cirebon
172,Alberik,Fenlon,afenlon1z@loc.gov,Male,6288572968712,3275,Kota Bekasi
173,Haley,Braywood,hbraywood20@flavors.me,Male,6286357925506,3276,Kota Depok
174,Rickard,Weale,rweale21@vimeo.com,Male,6282499281884,3277,Kota Cimahi
175,Rodd,Caron,rcaron22@patch.com,Male,6285368007343,3278,Kota Tasikmalaya
176,Jilli,Caseri,jcaseri23@imdb.com,Female,6283031907015,3279,Kota Banjar
177,Nell,O' Hogan,nohogan24@chron.com,Female,6281773702932,3208,Kabupaten Kuningan
178,Erick,Steckings,esteckings25@mashable.com,Male,6284091182757,3209,Kabupaten Cirebon
179,Annemarie,Rossiter,arossiter26@usnews.com,Female,6286554579676,3214,Kabupaten Purwakarta
180,Pascale,Polleye,ppolleye27@harvard.edu,Male,6281012913722,3327,Kabupaten Pemalang
181,Basilio,Sidebotham,bsidebotham28@foxnews.com,Male,6286618685238,3328,Kabupaten Tegal
182,Marje,Mordey,mmordey29@delicious.com,Female,6287192650165,3329,Kabupaten Brebes
183,Bevin,Woolmore,bwoolmore2a@dion.ne.jp,Male,6285166025870,3371,Kota Magelang
184,Jillie,Ascroft,jascroft2b@parallels.com,Female,6287555963955,3372,Kota Surakarta
185,Lazar,Dodswell,ldodswell2c@photobucket.com,Male,6287968906579,3373,Kota Salatiga
186,Gayleen,Paddock,gpaddock2d@samsung.com,Female,6286558577280,3374,Kota Semarang
187,Ricki,Dominey,rdominey2e@hexun.com,Male,6283964079410,3375,Kota Pekalongan
188,Shelden,Dougal,sdougal2f@hostgator.com,Male,6286642066723,3376,Kota Tegal
189,Arline,Newberry,anewberry2g@biglobe.ne.jp,Female,6285382634716,3101,Kabupaten Kepulauan Seribu
190,Romy,Sauter,rsauter2h@tripod.com,Female,6286117917369,3174,Kota Jakarta Selatan
191,Fania,Freckelton,ffreckelton2i@indiatimes.com,Female,6283154987760,3175,Kota Jakarta Timur
192,Betty,Bernat,bbernat2j@simplemachines.org,Female,6286821756773,3171,Kota Jakarta Pusat
193,Fernande,Locket,flocket2k@hugedomains.com,Female,6289289468255,3173,Kota Jakarta Barat
194,Warden,Alliston,walliston2l@chronoengine.com,Male,6281744009579,3172,Kota Jakarta Utara
195,Berkly,Ruprecht,bruprecht2m@indiatimes.com,Male,6284846335861,3603,Kabupaten Tangerang
196,Davin,Blissett,dblissett2n@prnewswire.com,Male,6282627974834,3604,Kabupaten Serang
197,Rene,Lefridge,rlefridge2o@fda.gov,Female,6289893914837,3671,Kota Tangerang
198,Eloisa,Ainscow,eainscow2p@utexas.edu,Female,6282928464780,3672,Kota Cilegon
199,Eziechiele,Robeiro,erobeiro2q@storify.com,Male,6287516463745,3673,Kota Serang
200,Serena,Redwin,sredwin2r@squidoo.com,Female,6285293517599,3201,Kabupaten Bogor
201,Clim,Guitel,cguitel2s@newyorker.com,Male,6285346016593,3602,Kabupaten Lebak
202,Kermy,Traher,ktraher2t@ucla.edu,Male,6283136495498,3172,Kota Jakarta Utara
203,Miran,Cridlan,mcridlan2u@paypal.com,Female,6284463613455,3212,Kabupaten Indramayu
204,Adam,Saller,asaller2v@ning.com,Male,6286388780220,3601,Kabupaten Pandeglang
205,Kip,Kidstoun,kkidstoun2w@nationalgeographic.com,Female,6285301850297,3208,Kabupaten Kuningan
206,Loralie,Chatters,lchatters2x@instagram.com,Female,6282627675738,3210,Kabupaten Majalengka
207,Ciel,Bare,cbare2y@slate.com,Female,6283449379283,3276,Kota Depok
208,Wiley,Kolak,wkolak2z@yolasite.com,Male,6285482341831,3275,Kota Bekasi
209,Quent,Gard,qgard30@symantec.com,Male,6285686680687,3214,Kabupaten Purwakarta
210,Elden,Goodyer,egoodyer31@usatoday.com,Male,6284594322010,3671,Kota Tangerang
211,Ignaz,Siene,isiene32@moonfruit.com,Male,6281049662774,3671,Kota Tangerang
212,Aguistin,Demschke,ademschke33@ibm.com,Male,6288865335257,3208,Kabupaten Kuningan
213,Ardis,Haller,ahaller34@google.cn,Female,6281944239598,3207,Kabupaten Ciamis
214,Tiebold,Royds,troyds35@about.me,Male,6288547539893,3371,Kota Magelang
215,Molli,Pury,mpury36@vk.com,Female,6288586915970,3375,Kota Pekalongan
216,Townie,Grange,tgrange37@baidu.com,Male,6285119562738,3206,Kabupaten Tasikmalaya
217,Vanessa,Sidebotton,vsidebotton38@smugmug.com,Female,6287041602308,3205,Kabupaten Garut
218,Tamarah,Nigh,tnigh39@wp.com,Female,6288653920259,3373,Kota Salatiga
219,Shela,Hargess,shargess3a@baidu.com,Female,6286259758385,3402,Kabupaten Bantul
220,Ilene,Galier,igalier3b@flickr.com,Female,6281479395194,3278,Kota Tasikmalaya
221,Ricard,Walkling,rwalkling3c@friendfeed.com,Male,6282851103416,3672,Kota Cilegon
222,Tedd,Gai,tgai3d@123-reg.co.uk,Male,6287275038644,3202,Kabupaten Sukabumi
223,Meriel,Bogey,mbogey3e@jugem.jp,Female,6285376570474,3211,Kabupaten Sumedang
224,Lorne,Benzing,lbenzing3f@stanford.edu,Female,6282375051970,3374,Kota Semarang
225,Margaretha,Robertelli,mrobertelli3g@desdev.cn,Female,6289076067543,3328,Kabupaten Tegal
226,Fitzgerald,Gommery,fgommery3h@washington.edu,Male,6288157740343,3201,Kabupaten Bogor
227,Marianne,Fawlo,mfawlo3i@biblegateway.com,Female,6285835366899,3276,Kota Depok
228,Christalle,Heddan,cheddan3j@last.fm,Female,6286086905442,3213,Kabupaten Subang
229,Christan,Schieferstein,cschieferstein3k@fema.gov,Female,6289988492866,3275,Kota Bekasi
230,Carleton,Hargraves,chargraves3l@gov.uk,Male,6283115877975,3205,Kabupaten Garut
231,Brandy,Owain,bowain3m@t-online.de,Male,6284738890890,3209,Kabupaten Cirebon
232,Auguste,Titford,atitford3n@wunderground.com,Female,6286401690074,3174,Kota Jakarta Selatan
233,Kermit,Clemon,kclemon3o@vinaora.com,Male,6285734904250,3672,Kota Cilegon
234,Barbara,McElrea,bmcelrea3p@cpanel.net,Female,6288076621576,3273,Kota Bandung
235,Martyn,Lecount,mlecount3q@narod.ru,Male,6288689199342,3604,Kabupaten Serang
236,Ceciley,Mancktelow,cmancktelow3r@nifty.com,Female,6284624198729,3208,Kabupaten Kuningan
237,Reginald,Gillespie,rgillespie3s@mit.edu,Male,6287641419678,3175,Kota Jakarta Timur
238,Collette,Codeman,ccodeman3t@virginia.edu,Female,6285167496599,3371,Kota Magelang
239,Elwood,Dagg,edagg3u@desdev.cn,Male,6286859383725,3208,Kabupaten Kuningan
240,Worthington,Muffitt,wmuffitt3v@drupal.org,Male,6283269244797,3327,Kabupaten Pemalang
241,Billie,Cothey,bcothey3w@yandex.ru,Female,6287876626741,3206,Kabupaten Tasikmalaya
242,Rani,Copcutt,rcopcutt3x@ucoz.com,Female,6287924766329,3212,Kabupaten Indramayu
243,Dicky,Lapwood,dlapwood3y@telegraph.co.uk,Male,6286178541335,3372,Kota Surakarta
244,Cati,Butterfint,cbutterfint3z@xing.com,Female,6287903446709,3209,Kabupaten Cirebon
245,Gasper,Dockreay,gdockreay40@cdc.gov,Male,6285265026200,3471,Kota Yogyakarta
246,Malva,Gabitis,mgabitis41@mtv.com,Female,6288338669548,3375,Kota Pekalongan
247,Gabie,Coit,gcoit42@parallels.com,Female,6281068816914,3173,Kota Jakarta Barat
248,Budd,Gronou,bgronou43@ning.com,Male,6283189458020,3372,Kota Surakarta
249,Alfons,Lidster,alidster44@diigo.com,Male,6288805566948,3207,Kabupaten Ciamis
250,Jennilee,McUre,jmcure45@qq.com,Female,6288882077988,3376,Kota Tegal
251,Ashton,Tumbridge,atumbridge46@hp.com,Male,6284486028609,3212,Kabupaten Indramayu
252,Natka,Klawi,nklawi47@wiley.com,Female,6286547643828,3214,Kabupaten Purwakarta
253,Rosmunda,Vannucci,rvannucci48@bravesites.com,Female,6287256921459,3213,Kabupaten Subang
254,Ema,Marcinkus,emarcinkus49@addthis.com,Female,6286688882303,3171,Kota Jakarta Pusat
255,Janet,Sanchis,jsanchis4a@mlb.com,Female,6289023827437,3173,Kota Jakarta Barat
256,Danny,Sellen,dsellen4b@hibu.com,Male,6282144802651,3673,Kota Serang
257,Devina,Cureton,dcureton4c@odnoklassniki.ru,Female,6283184540198,3101,Kabupaten Kepulauan Seribu
258,Winfield,Chesterman,wchesterman4d@examiner.com,Male,6284965328471,3279,Kota Banjar
259,Ellary,Glennie,eglennie4e@goodreads.com,Male,6285011847668,3327,Kabupaten Pemalang
260,Danita,Edensor,dedensor4f@xinhuanet.com,Female,6289405663611,3271,Kota Bogor
261,Engracia,Pergens,epergens4g@indiegogo.com,Female,6286671540071,3172,Kota Jakarta Utara
262,Alana,McAline,amcaline4h@amazon.co.jp,Female,6289325259352,3329,Kabupaten Brebes
263,Kort,Lammerts,klammerts4i@mlb.com,Male,6282347572663,3215,Kabupaten Karawang
264,Maryjo,Nicolls,mnicolls4j@tripadvisor.com,Female,6281078037656,3213,Kabupaten Subang
265,Kizzee,Walbridge,kwalbridge4k@abc.net.au,Female,6286715538318,3211,Kabupaten Sumedang
266,Abrahan,Howles,ahowles4l@samsung.com,Male,6282373611152,3201,Kabupaten Bogor
267,Elia,Quadrio,equadrio4m@auda.org.au,Male,6288439633706,3204,Kabupaten Bandung
268,Christos,Joreau,cjoreau4n@google.it,Male,6289839411250,3201,Kabupaten Bogor
269,Alexandro,Couche,acouche4o@oakley.com,Male,6281207898464,3604,Kabupaten Serang
270,Lorens,Aronsohn,laronsohn4p@usnews.com,Male,6288752268499,3273,Kota Bandung
271,Shelagh,Drugan,sdrugan4q@wordpress.com,Female,6287779503448,3403,Kabupaten Gunung Kidul
272,Conchita,Dearl,cdearl4r@goodreads.com,Female,6282097163393,3329,Kabupaten Brebes
273,Barnie,Fere,bfere4s@cloudflare.com,Male,6282343194770,3204,Kabupaten Bandung
274,Jerrie,Bunson,jbunson4t@google.de,Female,6283345262308,3202,Kabupaten Sukabumi
275,Tana,Waszczyk,twaszczyk4u@japanpost.jp,Female,6282409317209,3274,Kota Cirebon
276,Carlita,Creggan,ccreggan4v@sbwire.com,Female,6283595562137,3216,Kabupaten Bekasi
277,Benjamin,Agent,bagent4w@indiegogo.com,Male,6283386962488,3277,Kota Cimahi
278,Andonis,Cisec,acisec4x@howstuffworks.com,Male,6284356012928,3272,Kota Sukabumi
279,Lowrance,Tucknutt,ltucknutt4y@cdbaby.com,Male,6289884281292,3211,Kabupaten Sumedang
280,Morrie,Mordan,mmordan4z@time.com,Male,6284148047322,3373,Kota Salatiga
281,Moria,Whittuck,mwhittuck50@shutterfly.com,Female,6284671175219,3272,Kota Sukabumi
282,Chickie,Grafton,cgrafton51@hc360.com,Female,6283106590298,3603,Kabupaten Tangerang
283,Lucine,Harper,lharper52@ustream.tv,Female,6284847414764,3603,Kabupaten Tangerang
284,Gabbie,Beekmann,gbeekmann53@infoseek.co.jp,Female,6289927018678,3217,Kabupaten Bandung Barat
285,Vi,Cradduck,vcradduck54@ovh.net,Female,6285685961802,3277,Kota Cimahi
286,Alejoa,Bapty,abapty55@hubpages.com,Male,6285335278740,3210,Kabupaten Majalengka
287,Murielle,Kivlehan,mkivlehan56@mlb.com,Female,6282647225031,3279,Kota Banjar
288,Inna,Denness,idenness57@rediff.com,Female,6285648059251,3328,Kabupaten Tegal
289,Storm,Borthe,sborthe58@discovery.com,Female,6281789528394,3209,Kabupaten Cirebon
290,Denny,Deshorts,ddeshorts59@bing.com,Male,6284576196160,3203,Kabupaten Cianjur
291,Mozelle,Rispen,mrispen5a@prweb.com,Female,6287478478202,3214,Kabupaten Purwakarta
292,Forrest,Zellner,fzellner5b@surveymonkey.com,Male,6281646017463,3673,Kota Serang
293,Hendrik,Kahn,hkahn5c@pinterest.com,Male,6281684328161,3274,Kota Cirebon
294,Garland,Cristofvao,gcristofvao5d@sfgate.com,Female,6288811488130,3376,Kota Tegal
295,Aaren,Glaze,aglaze5e@businessinsider.com,Female,6289541300689,3401,Kabupaten Kulon Progo
296,Bianka,Siggins,bsiggins5f@yellowpages.com,Female,6282669154857,3209,Kabupaten Cirebon
297,Bernelle,Dunbobin,bdunbobin5g@ovh.net,Female,6289354602114,3278,Kota Tasikmalaya
298,Vassili,Wardington,vwardington5h@jugem.jp,Male,6286603599585,3203,Kabupaten Cianjur
299,Brose,Page,bpage5i@hubpages.com,Male,6284202184434,3210,Kabupaten Majalengka
300,Sid,Rennie,srennie5j@amazonaws.com,Male,6283845562564,3374,Kota Semarang
301,Mercy,Mozzini,mmozzini5k@facebook.com,Female,6284866381716,3671,Kota Tangerang
302,Donavon,Kenward,dkenward5l@economist.com,Male,6286261999338,3371,Kota Magelang
303,Gwendolyn,Brabham,gbrabham5m@altervista.org,Female,6283224918824,3214,Kabupaten Purwakarta
304,Gerhardine,Bertomeu,gbertomeu5n@aboutads.info,Female,6283184996342,3208,Kabupaten Kuningan
305,Torey,Doyle,tdoyle5o@chron.com,Female,6288456319363,3375,Kota Pekalongan
306,Sher,Bister,sbister5p@about.com,Female,6285506751937,3213,Kabupaten Subang
307,Gerri,Loges,gloges5q@uol.com.br,Male,6283495939613,3213,Kabupaten Subang
308,Rosemonde,Doust,rdoust5r@ucla.edu,Female,6281866144126,3214,Kabupaten Purwakarta
309,Orion,Limmer,olimmer5s@bluehost.com,Male,6286457913372,3673,Kota Serang
310,Laure,MacGilmartin,lmacgilmartin5t@nih.gov,Female,6284937445443,3328,Kabupaten Tegal
311,Hope,Woolford,hwoolford5u@lulu.com,Female,6286866467771,3172,Kota Jakarta Utara
312,Thayne,Zoppie,tzoppie5v@nps.gov,Male,6281924645798,3673,Kota Serang
313,Isidora,Cotterrill,icotterrill5w@thetimes.co.uk,Female,6288072476718,3210,Kabupaten Majalengka
314,Royal,Tibalt,rtibalt5x@uiuc.edu,Male,6282973162419,3174,Kota Jakarta Selatan
315,Rivi,Schwand,rschwand5y@hao123.com,Female,6286235319644,3601,Kabupaten Pandeglang
316,Jeffie,Truuue,jtrue5z@netlog.com,Male,6287402694425,3376,Kota Tegal
317,Martita,Bagster,mbagster60@people.com.cn,Female,6283909604394,3373,Kota Salatiga
318,Nolan,Morrell,nmorrell61@surveymonkey.com,Male,6289707078465,3401,Kabupaten Kulon Progo
319,Felice,Muckle,fmuckle62@tiny.cc,Female,6289489796062,3274,Kota Cirebon
320,Honey,Wolverson,hwolverson63@upenn.edu,Female,6288242853635,3375,Kota Pekalongan
321,Finn,Daventry,fdaventry64@berkeley.edu,Male,6289638603017,3602,Kabupaten Lebak
322,Marion,Turvie,mturvie65@tinyurl.com,Female,6288573957448,3211,Kabupaten Sumedang
323,Kylen,Grishkov,kgrishkov66@liveinternet.ru,Female,6285054859370,3175,Kota Jakarta Timur
324,Ewan,Goane,egoane67@paypal.com,Male,6287679911227,3278,Kota Tasikmalaya
325,Francesco,Witherden,fwitherden68@mayoclinic.com,Male,6285574723303,3274,Kota Cirebon
326,Benedikta,Urry,burry69@biblegateway.com,Female,6285443431156,3171,Kota Jakarta Pusat
327,Elisha,Deppen,edeppen6a@opera.com,Male,6287028697659,3272,Kota Sukabumi
328,Nevin,Plumley,nplumley6b@bizjournals.com,Male,6289884714650,3202,Kabupaten Sukabumi
329,Lucio,Tschersich,ltschersich6c@engadget.com,Male,6283365519976,3272,Kota Sukabumi
330,Harlan,Haskey,hhaskey6d@hhs.gov,Male,6287041607494,3203,Kabupaten Cianjur
331,Natalee,Alennikov,nalennikov6e@lycos.com,Female,6288357070917,3604,Kabupaten Serang
332,Torr,Crannach,tcrannach6f@about.com,Male,6283709579788,3271,Kota Bogor
333,Isabelle,Kennaway,ikennaway6g@wikimedia.org,Female,6281724708125,3208,Kabupaten Kuningan
334,Rosabelle,Eary,reary6h@hatena.ne.jp,Female,6281727724713,3373,Kota Salatiga
335,Tremaine,O'Hanlon,tohanlon6i@tiny.cc,Male,6289525389828,3374,Kota Semarang
336,Gideon,Kimmel,gkimmel6j@sourceforge.net,Male,6281073626419,3604,Kabupaten Serang
337,Kurtis,Moral,kmoral6k@t-online.de,Male,6288091752474,3208,Kabupaten Kuningan
338,Richardo,Laux,rlaux6l@time.com,Male,6289601469687,3471,Kota Yogyakarta
339,Jdavie,Senussi,jsenussi6m@dyndns.org,Male,6281292988572,3201,Kabupaten Bogor
340,Lief,Connow,lconnow6n@de.vu,Male,6285124926560,3671,Kota Tangerang
341,Grete,Abotson,gabotson6o@plala.or.jp,Female,6284808122578,3273,Kota Bandung
342,Flori,Petherick,fpetherick6p@archive.org,Female,6282627908730,3603,Kabupaten Tangerang
343,Kelila,Coghill,kcoghill6q@dion.ne.jp,Female,6282964324295,3273,Kota Bandung
344,Maryellen,Cowoppe,mcowoppe6r@ed.gov,Female,6284838968057,3277,Kota Cimahi
345,Nessa,Russo,nrusso6s@apple.com,Female,6282618966526,3217,Kabupaten Bandung Barat
346,Jim,Foxen,jfoxen6t@hp.com,Male,6284249370852,3202,Kabupaten Sukabumi
347,Merwin,Yanuk,myanuk6u@cbsnews.com,Male,6285557705486,3101,Kabupaten Kepulauan Seribu
348,Johny,Bourdas,jbourdas6v@domainmarket.com,Male,6285964777714,3327,Kabupaten Pemalang
349,Wyatt,Mulder,wmulder6w@naver.com,Male,6281988134768,3277,Kota Cimahi
350,Ogdan,Scollan,oscollan6x@parallels.com,Male,6288589748861,3329,Kabupaten Brebes
351,Colet,Starkie,cstarkie6y@tumblr.com,Male,6287071682438,3276,Kota Depok
352,Dimitri,Chaffyn,dchaffyn6z@princeton.edu,Male,6286371764511,3210,Kabupaten Majalengka
353,Chas,Schachter,cschachter70@xing.com,Male,6281853562944,3215,Kabupaten Karawang
354,Abagael,Slaney,aslaney71@utexas.edu,Female,6286793366991,3327,Kabupaten Pemalang
355,Wyndham,Sackur,wsackur72@nationalgeographic.com,Male,6288675733076,3672,Kota Cilegon
356,Ker,McGrale,kmcgrale73@yahoo.co.jp,Male,6282861275735,3173,Kota Jakarta Barat
357,Thorvald,Jagielski,tjagielski74@cam.ac.uk,Male,6283797214259,3201,Kabupaten Bogor
358,Nye,Guest,nguest75@bbb.org,Male,6287841419454,3210,Kabupaten Majalengka
359,Cello,Corssen,ccorssen76@fema.gov,Male,6283343904400,3216,Kabupaten Bekasi
360,Hadleigh,Bottom,hbottom77@sogou.com,Male,6282991141726,3211,Kabupaten Sumedang
361,Abelard,Canto,acanto78@altervista.org,Male,6289958776489,3213,Kabupaten Subang
362,Ky,Slatter,kslatter79@jigsy.com,Male,6289071278999,3376,Kota Tegal
363,Rem,Storrar,rstorrar7a@shop-pro.jp,Male,6285518979933,3672,Kota Cilegon
364,Burt,Erett,berett7b@utexas.edu,Male,6283759428549,3279,Kota Banjar
365,Milton,Stainbridge,mstainbridge7c@google.de,Male,6286108863354,3205,Kabupaten Garut
366,Conant,Kervin,ckervin7d@dion.ne.jp,Male,6282154178121,3208,Kabupaten Kuningan
367,Kass,Firebrace,kfirebrace7e@yolasite.com,Female,6285138624926,3209,Kabupaten Cirebon
368,Faulkner,Cord,fcord7f@webeden.co.uk,Male,6287637679949,3206,Kabupaten Tasikmalaya
369,Kenton,Maisey,kmaisey7g@bbb.org,Male,6281578717044,3173,Kota Jakarta Barat
370,Vincent,Dowsett,vdowsett7h@eepurl.com,Male,6285137229864,3212,Kabupaten Indramayu
371,Gar,Pichmann,gpichmann7i@timesonline.co.uk,Male,6283388098848,3207,Kabupaten Ciamis
372,Mina,Delgado,mdelgado7j@toplist.cz,Female,6286068540781,3374,Kota Semarang
373,Adan,Kowal,akowal7k@auda.org.au,Male,6289543504215,3212,Kabupaten Indramayu
374,Prent,Eddleston,peddleston7l@irs.gov,Male,6283829210132,3276,Kota Depok
375,Merrill,Lezemore,mlezemore7m@shareasale.com,Male,6286409700094,3209,Kabupaten Cirebon
376,Reed,Follan,rfollan7n@tinyurl.com,Male,6283076494028,3402,Kabupaten Bantul
377,Rickert,Pergens,rpergens7o@reddit.com,Male,6281646344155,3212,Kabupaten Indramayu
378,Rockey,Faldoe,rfaldoe7p@plala.or.jp,Male,6287132744559,3205,Kabupaten Garut
379,Kerstin,McGarahan,kmcgarahan7q@bloglovin.com,Female,6287452976611,3206,Kabupaten Tasikmalaya
380,Allina,Taplin,ataplin7r@mayoclinic.com,Female,6281786154169,3403,Kabupaten Gunung Kidul
381,Florentia,Varfolomeev,fvarfolomeev7s@craigslist.org,Female,6287789784442,3214,Kabupaten Purwakarta
382,Zebadiah,Thon,zthon7t@clickbank.net,Male,6289084650770,3203,Kabupaten Cianjur
383,Una,Hayball,uhayball7u@themeforest.net,Female,6281393033227,3209,Kabupaten Cirebon
384,Colas,Winkless,cwinkless7v@mapquest.com,Male,6286209907899,3372,Kota Surakarta
385,Zechariah,Showl,zshowl7w@wordpress.org,Male,6282888610759,3329,Kabupaten Brebes
386,Deborah,Dunderdale,ddunderdale7x@bloglovin.com,Female,6284414510894,3278,Kota Tasikmalaya
387,Kristos,Mancktelow,kmancktelow7y@a8.net,Male,6285869312646,3204,Kabupaten Bandung
388,Stillmann,Swinnerton,sswinnerton7z@amazon.co.uk,Male,6284194239850,3201,Kabupaten Bogor
389,Willy,Pendlenton,wpendlenton80@sitemeter.com,Male,6289947104762,3371,Kota Magelang
390,Kristan,Olyfant,kolyfant81@webmd.com,Female,6289152776403,3372,Kota Surakarta
391,Corrinne,Samways,csamways82@webeden.co.uk,Female,6286048764284,3328,Kabupaten Tegal
392,Viola,Belhomme,vbelhomme83@google.com.hk,Female,6282075760659,3279,Kota Banjar
393,Tina,Wilkin,twilkin84@foxnews.com,Female,6286076424580,3211,Kabupaten Sumedang
394,Carrol,Jolly,cjolly85@comcast.net,Male,6281891147402,3172,Kota Jakarta Utara
395,Ailis,Landsbury,alandsbury86@ftc.gov,Female,6282103726353,3275,Kota Bekasi
396,Niki,O'Moylan,nomoylan87@sciencedaily.com,Female,6288219538309,3209,Kabupaten Cirebon
397,Hewe,Aldous,haldous88@delicious.com,Male,6282732908576,3275,Kota Bekasi
398,Luce,Scyone,lscyone89@yahoo.com,Female,6283148533455,3207,Kabupaten Ciamis
399,Riobard,Housden,rhousden8a@rediff.com,Male,6281482652670,3603,Kabupaten Tangerang
400,Mikol,Mathivat,mmathivat8b@mac.com,Male,6281124856434,3204,Kabupaten Bandung
401,Gladi,Bellam,gbellam8c@time.com,Female,6285618059217,3204,Kabupaten Bandung
402,Belicia,Swinnard,bswinnard8d@nbcnews.com,Female,6283011152035,3603,Kabupaten Tangerang
403,Kendell,Thornewill,kthornewill8e@about.com,Male,6287089712959,3207,Kabupaten Ciamis
404,Genni,Dorrington,gdorrington8f@marketwatch.com,Female,6286959414309,3275,Kota Bekasi
405,Halsey,Disman,hdisman8g@spiegel.de,Male,6288095577561,3209,Kabupaten Cirebon
406,Josie,Bicheno,jbicheno8h@rakuten.co.jp,Female,6282361995266,3275,Kota Bekasi
407,Alexandros,Sheehan,asheehan8i@infoseek.co.jp,Male,6286001057957,3172,Kota Jakarta Utara
408,Helena,Gerner,hgerner8j@jiathis.com,Female,6288174409801,3211,Kabupaten Sumedang
409,Dinnie,Rymer,drymer8k@livejournal.com,Female,6287488929657,3279,Kota Banjar
410,Dave,Moseley,dmoseley8l@diigo.com,Male,6282977365322,3328,Kabupaten Tegal
411,Judy,Bute,jbute8m@hostgator.com,Female,6282405221766,3372,Kota Surakarta
412,Kate,Trenholme,ktrenholme8n@sun.com,Female,6281123670879,3371,Kota Magelang
413,Cortie,Codd,ccodd8o@engadget.com,Male,6281043456002,3201,Kabupaten Bogor
414,Kahlil,Billings,kbillings8p@cisco.com,Male,6281216120107,3204,Kabupaten Bandung
415,Madison,Scemp,mscemp8q@yahoo.co.jp,Male,6286574680445,3278,Kota Tasikmalaya
416,Andra,Dinkin,adinkin8r@youtube.com,Female,6282847125266,3329,Kabupaten Brebes
417,Olenolin,Blondell,oblondell8s@salon.com,Male,6289174632114,3372,Kota Surakarta
418,Murdock,Hirche,mhirche8t@themeforest.net,Male,6284726293884,3209,Kabupaten Cirebon
419,Bree,Parsand,bparsand8u@scribd.com,Female,6288139822239,3203,Kabupaten Cianjur
420,Rhona,Braunstein,rbraunstein8v@oaic.gov.au,Female,6288987954519,3214,Kabupaten Purwakarta
421,Elbertine,Skate,eskate8w@nydailynews.com,Female,6288405275277,3403,Kabupaten Gunung Kidul
422,Tuck,Ride,tride8x@tamu.edu,Male,6284051923777,3206,Kabupaten Tasikmalaya
423,Vilma,Andress,vandress8y@geocities.jp,Female,6288157386103,3205,Kabupaten Garut
424,Berti,Vowels,bvowels8z@bravesites.com,Female,6281322590780,3212,Kabupaten Indramayu
425,Saree,Bairstow,sbairstow90@github.com,Female,6281788250787,3402,Kabupaten Bantul
426,Giuseppe,Cloughton,gcloughton91@google.fr,Male,6284242519267,3209,Kabupaten Cirebon
427,Dunn,Aspole,daspole92@cloudflare.com,Male,6288947557316,3276,Kota Depok
428,Katey,Brunelli,kbrunelli93@freewebs.com,Female,6286279471488,3212,Kabupaten Indramayu
429,Noni,Dawby,ndawby94@bigcartel.com,Female,6285917472918,3374,Kota Semarang
430,Ange,Stowte,astowte95@paginegialle.it,Male,6288049780017,3207,Kabupaten Ciamis
431,Allissa,Desporte,adesporte96@goodreads.com,Female,6282447361263,3212,Kabupaten Indramayu
432,Electra,Henzer,ehenzer97@jimdo.com,Female,6286534176585,3173,Kota Jakarta Barat
433,Susann,Cockman,scockman98@dell.com,Female,6284283318312,3206,Kabupaten Tasikmalaya
434,Natty,Megany,nmegany99@altervista.org,Female,6282258543761,3209,Kabupaten Cirebon
435,Garreth,Segebrecht,gsegebrecht9a@wired.com,Male,6284517420337,3208,Kabupaten Kuningan
436,Bettine,Wawer,bwawer9b@qq.com,Female,6284405250451,3205,Kabupaten Garut
437,Constantine,Mitroshinov,cmitroshinov9c@ezinearticles.com,Male,6285225498094,3279,Kota Banjar
438,Wainwright,Pesselt,wpesselt9d@yandex.ru,Male,6286683359112,3672,Kota Cilegon
439,Janina,Linscott,jlinscott9e@noaa.gov,Female,6289487511538,3376,Kota Tegal
440,Rozella,Pratten,rpratten9f@google.co.uk,Female,6286428493829,3213,Kabupaten Subang
441,Fanya,Thaller,fthaller9g@hibu.com,Female,6289127278655,3211,Kabupaten Sumedang
442,Kit,Vatini,kvatini9h@ted.com,Female,6285974811355,3216,Kabupaten Bekasi
443,Benyamin,De Beauchamp,bdebeauchamp9i@newsvine.com,Male,6288722949596,3210,Kabupaten Majalengka
444,Drud,Strutt,dstrutt9j@reverbnation.com,Male,6288911509148,3201,Kabupaten Bogor
445,Marie,Fairlamb,mfairlamb9k@linkedin.com,Female,6286536295408,3173,Kota Jakarta Barat
446,Emmanuel,Jacobi,ejacobi9l@cbc.ca,Male,6286941252163,3672,Kota Cilegon
447,Chrysa,Blakeborough,cblakeborough9m@dyndns.org,Female,6286556658896,3327,Kabupaten Pemalang
448,Loreen,Glede,lglede9n@ebay.co.uk,Female,6283644320825,3215,Kabupaten Karawang
449,Bianca,Sussams,bsussams9o@google.nl,Female,6288294450004,3210,Kabupaten Majalengka
450,Miltie,Mynott,mmynott9p@army.mil,Male,6282861654559,3276,Kota Depok
451,Odelle,Jolliman,ojolliman9q@timesonline.co.uk,Female,6285612837560,3329,Kabupaten Brebes
452,Gaye,O'Kinneally,gokinneally9r@nymag.com,Female,6288356322508,3277,Kota Cimahi
453,Muhammad,Skelly,mskelly9s@weebly.com,Male,6287307286995,3327,Kabupaten Pemalang
454,Dacie,Verdy,dverdy9t@earthlink.net,Female,6284528110420,3101,Kabupaten Kepulauan Seribu
455,Paulita,Dilawey,pdilawey9u@indiatimes.com,Female,6287414317730,3202,Kabupaten Sukabumi
456,Johnette,Manning,jmanning9v@cdc.gov,Female,6284822785078,3217,Kabupaten Bandung Barat
457,Maritsa,Cottu,mcottu9w@tuttocitta.it,Female,6284384516087,3277,Kota Cimahi
458,Sasha,McCroary,smccroary9x@biblegateway.com,Female,6288998244108,3273,Kota Bandung
459,Tedmund,Estick,testick9y@123-reg.co.uk,Male,6288646977434,3603,Kabupaten Tangerang
460,Frank,Sarjeant,fsarjeant9z@china.com.cn,Male,6286206910092,3273,Kota Bandung
461,Cyrill,Craney,ccraneya0@dot.gov,Male,6285133074489,3671,Kota Tangerang
462,Teddy,Manilow,tmanilowa1@xing.com,Male,6289882870648,3201,Kabupaten Bogor
463,Sky,Chaffe,schaffea2@photobucket.com,Male,6283073914399,3471,Kota Yogyakarta
464,Pepi,Moen,pmoena3@gravatar.com,Female,6285579438085,3208,Kabupaten Kuningan
465,Nathanial,Stanlock,nstanlocka4@google.de,Male,6288139498052,3604,Kabupaten Serang
466,Hewett,Beat,hbeata5@opera.com,Male,6283199492405,3374,Kota Semarang
467,Evie,Allen,eallena6@google.com.au,Female,6283836487491,3373,Kota Salatiga
468,Kessiah,McKinie,kmckiniea7@topsy.com,Female,6289218872016,3208,Kabupaten Kuningan
469,Paloma,Munby,pmunbya8@comsenz.com,Female,6285474946382,3271,Kota Bogor
470,Dukie,Takkos,dtakkosa9@salon.com,Male,6284113474404,3604,Kabupaten Serang
471,Nealson,Daldry,ndaldryaa@economist.com,Male,6288047477376,3203,Kabupaten Cianjur
472,Cordie,Leisman,cleismanab@com.com,Female,6286058992466,3272,Kota Sukabumi
473,Emera,Shapcott,eshapcottac@seattletimes.com,Female,6284129516756,3202,Kabupaten Sukabumi
474,Stefa,Bachura,sbachuraad@pbs.org,Female,6289958026819,3272,Kota Sukabumi
475,Leupold,Khalid,lkhalidae@slashdot.org,Male,6289619331113,3171,Kota Jakarta Pusat
476,Andy,Houtbie,ahoutbieaf@google.fr,Female,6287801260003,3274,Kota Cirebon
477,Amandie,Agirre,aagirreag@sogou.com,Female,6283407593644,3278,Kota Tasikmalaya
478,Pat,Stores,pstoresah@parallels.com,Male,6283041997880,3175,Kota Jakarta Timur
479,Olenolin,Ivanishchev,oivanishchevai@ca.gov,Male,6282303020902,3211,Kabupaten Sumedang
480,Nerte,Brudenell,nbrudenellaj@stanford.edu,Female,6288445041389,3602,Kabupaten Lebak
481,Corissa,Mellhuish,cmellhuishak@nymag.com,Female,6282995455578,3375,Kota Pekalongan
482,Cristina,Turnbull,cturnbullal@linkedin.com,Female,6287522357432,3274,Kota Cirebon
483,Ramsey,Garmans,rgarmansam@themeforest.net,Male,6281607976776,3401,Kabupaten Kulon Progo
484,Cass,Gozzard,cgozzardan@barnesandnoble.com,Male,6282485328773,3373,Kota Salatiga
485,Octavius,Tilbrook,otilbrookao@feedburner.com,Male,6288042036183,3376,Kota Tegal
486,Ali,Boutellier,aboutellierap@ezinearticles.com,Male,6282479397708,3601,Kabupaten Pandeglang
487,Melantha,Crannell,mcrannellaq@last.fm,Female,6285964718736,3174,Kota Jakarta Selatan
488,Jose,Dobbson,jdobbsonar@fda.gov,Male,6286657029704,3210,Kabupaten Majalengka
489,Theodoric,Foskett,tfoskettas@loc.gov,Male,6282973263068,3673,Kota Serang
490,Nicolle,De Giorgio,ndegiorgioat@google.es,Female,6288407949000,3172,Kota Jakarta Utara
491,Francois,Demann,fdemannau@netlog.com,Male,6288926199095,3328,Kabupaten Tegal
492,Rozanne,Swadlen,rswadlenav@sbwire.com,Female,6284072795600,3673,Kota Serang
493,Jessica,Tidmas,jtidmasaw@smh.com.au,Female,6287614876126,3214,Kabupaten Purwakarta
494,Trixi,Chesher,tchesherax@liveinternet.ru,Female,6283922070218,3213,Kabupaten Subang
495,Fancy,Van Dijk,fvandijkay@admin.ch,Female,6283993144552,3213,Kabupaten Subang
496,Valeda,Gillespie,vgillespieaz@hexun.com,Female,6288161478775,3375,Kota Pekalongan
497,Jazmin,Launchbury,jlaunchburyb0@harvard.edu,Female,6284757798497,3208,Kabupaten Kuningan
498,Evelin,Filipputti,efilipputtib1@indiegogo.com,Male,6285196711324,3214,Kabupaten Purwakarta
499,Polly,Goodinson,pgoodinsonb2@jalbum.net,Female,6289866107785,3371,Kota Magelang
500,Ash,Renehan,arenehanb3@nyu.edu,Male,6284615023459,3671,Kota Tangerang
501,Cordie,Della Scala,cdellascalab4@alexa.com,Female,6283309102845,3374,Kota Semarang
502,Abner,Hartwright,ahartwrightb5@list-manage.com,Male,6286759245450,3210,Kabupaten Majalengka
503,Tammy,Larenson,tlarensonb6@wordpress.com,Male,6281164407998,3203,Kabupaten Cianjur
504,Shaylynn,Daskiewicz,sdaskiewiczb7@imgur.com,Female,6282334527194,3278,Kota Tasikmalaya
505,Giacobo,Fawke,gfawkeb8@cpanel.net,Male,6287388422262,3209,Kabupaten Cirebon
506,Gran,Spriggs,gspriggsb9@joomla.org,Male,6286058413700,3401,Kabupaten Kulon Progo
507,Athene,Beckitt,abeckittba@engadget.com,Female,6289514708866,3376,Kota Tegal
508,Dorine,Sarsfield,dsarsfieldbb@phpbb.com,Female,6286471441490,3274,Kota Cirebon
509,Ivory,Hince,ihincebc@columbia.edu,Female,6285611543950,3673,Kota Serang
510,Welch,Coom,wcoombd@wiley.com,Male,6286024415657,3214,Kabupaten Purwakarta
511,Tommie,Wayman,twaymanbe@mapy.cz,Male,6283305132738,3203,Kabupaten Cianjur
512,Raimundo,Punyer,rpunyerbf@zimbio.com,Male,6289547694988,3209,Kabupaten Cirebon
513,Mala,Paradine,mparadinebg@typepad.com,Female,6285672171225,3328,Kabupaten Tegal
514,Georgia,Jirus,gjirusbh@columbia.edu,Female,6287704000340,3279,Kota Banjar
515,Myriam,Rendle,mrendlebi@arizona.edu,Female,6287848309800,3210,Kabupaten Majalengka
516,Denys,Pharaoh,dpharaohbj@google.it,Male,6287687975511,3277,Kota Cimahi
517,Derrik,Wodham,dwodhambk@ihg.com,Male,6288026991865,3217,Kabupaten Bandung Barat
518,Tobit,Woolvett,twoolvettbl@wikipedia.org,Male,6286035755912,3603,Kabupaten Tangerang
519,Franny,Halloran,fhalloranbm@google.com.br,Female,6284275520425,3603,Kabupaten Tangerang
520,Britni,Anstis,banstisbn@psu.edu,Female,6288121282077,3272,Kota Sukabumi
521,Rollins,Maclean,rmacleanbo@mlb.com,Male,6286861095087,3373,Kota Salatiga
522,Michele,Devita,mdevitabp@bloglines.com,Female,6281986044909,3211,Kabupaten Sumedang
523,Petr,Baser,pbaserbq@amazon.co.uk,Male,6286067372164,3272,Kota Sukabumi
524,Lurlene,Ugoletti,lugolettibr@businessinsider.com,Female,6285008885320,3277,Kota Cimahi
525,Rosana,Evill,revillbs@ed.gov,Female,6286874093600,3216,Kabupaten Bekasi
526,Orlan,Haythorn,ohaythornbt@bizjournals.com,Male,6283341627761,3274,Kota Cirebon
527,Adamo,Filippi,afilippibu@tmall.com,Male,6284996986583,3202,Kabupaten Sukabumi
528,Kristel,Figliovanni,kfigliovannibv@techcrunch.com,Female,6282754431035,3204,Kabupaten Bandung
529,Luci,Mergue,lmerguebw@apple.com,Female,6289986078857,3329,Kabupaten Brebes
530,Henrie,McCurley,hmccurleybx@marriott.com,Female,6289655432651,3403,Kabupaten Gunung Kidul
531,Henrieta,Cavendish,hcavendishby@timesonline.co.uk,Female,6289658312112,3273,Kota Bandung
532,Carolee,Goracci,cgoraccibz@facebook.com,Female,6287617190608,3604,Kabupaten Serang
533,Kimmy,Statham,kstathamc0@java.com,Female,6283127419230,3201,Kabupaten Bogor
534,Roth,Hynd,rhyndc1@godaddy.com,Male,6285545746133,3204,Kabupaten Bandung
535,Benson,Itzik,bitzikc2@exblog.jp,Male,6288496003301,3201,Kabupaten Bogor
536,Gwyneth,Siggs,gsiggsc3@vistaprint.com,Female,6284166185627,3211,Kabupaten Sumedang
537,Gwenora,Qusklay,gqusklayc4@bizjournals.com,Female,6286932617218,3213,Kabupaten Subang
538,Normie,Cargo,ncargoc5@1688.com,Male,6288916569548,3215,Kabupaten Karawang
539,Luke,Schwaiger,lschwaigerc6@multiply.com,Male,6285393138850,3329,Kabupaten Brebes
540,Harland,Althrop,halthropc7@parallels.com,Male,6284464684237,3172,Kota Jakarta Utara
541,Dallas,Strippling,dstripplingc8@so-net.ne.jp,Male,6288055340272,3271,Kota Bogor
542,Eachelle,Laxen,elaxenc9@xrea.com,Female,6287723975464,3327,Kabupaten Pemalang
543,Claudianus,Seemmonds,cseemmondsca@pagesperso-orange.fr,Male,6286843150111,3279,Kota Banjar
544,Raoul,Greaves,rgreavescb@mayoclinic.com,Male,6289418542265,3101,Kabupaten Kepulauan Seribu
545,Armand,Colicot,acolicotcc@geocities.jp,Male,6281382418147,3673,Kota Serang
546,Ashien,Gullefant,agullefantcd@issuu.com,Female,6281142774262,3173,Kota Jakarta Barat
547,Juanita,Paolazzi,jpaolazzice@mapy.cz,Female,6281241220020,3171,Kota Jakarta Pusat
548,Grantley,Wyvill,gwyvillcf@blogtalkradio.com,Male,6284202360657,3213,Kabupaten Subang
549,Cecil,Fonso,cfonsocg@illinois.edu,Male,6284153788141,3214,Kabupaten Purwakarta
550,Chantal,Fieller,cfiellerch@quantcast.com,Female,6289074449920,3212,Kabupaten Indramayu
551,Reinaldos,Bonome,rbonomeci@unblog.fr,Male,6287886855270,3376,Kota Tegal
552,Yetty,Ridings,yridingscj@free.fr,Female,6285025140071,3207,Kabupaten Ciamis
553,Fannie,Ondra,fondrack@hexun.com,Female,6289964027206,3372,Kota Surakarta
554,Frederik,Dallaghan,fdallaghancl@google.it,Male,6289391108464,3173,Kota Jakarta Barat
555,Elfreda,Hearon,ehearoncm@latimes.com,Female,6288568694709,3375,Kota Pekalongan
556,Welbie,O'Growgane,wogrowganecn@oaic.gov.au,Male,6281086430943,3471,Kota Yogyakarta
557,Etienne,Jillings,ejillingsco@about.me,Male,6281868243853,3209,Kabupaten Cirebon
558,Alisha,Atherley,aatherleycp@reference.com,Female,6283501874892,3372,Kota Surakarta
559,Sayres,Arsnell,sarsnellcq@privacy.gov.au,Male,6282083953898,3212,Kabupaten Indramayu
560,Annnora,Frensch,afrenschcr@wufoo.com,Female,6283986948048,3206,Kabupaten Tasikmalaya
561,Jefferson,Maidens,jmaidenscs@eventbrite.com,Male,6282977195299,3327,Kabupaten Pemalang
562,Amata,Woollends,awoollendsct@guardian.co.uk,Female,6288847265787,3208,Kabupaten Kuningan
563,Aleta,Goldthorpe,agoldthorpecu@wisc.edu,Female,6287679092900,3371,Kota Magelang
564,Coriss,Bebis,cbebiscv@slashdot.org,Female,6282003926221,3175,Kota Jakarta Timur
565,Derrik,Darch,ddarchcw@sakura.ne.jp,Male,6284697417885,3208,Kabupaten Kuningan
566,Ynes,Inchley,yinchleycx@facebook.com,Female,6282372272470,3604,Kabupaten Serang
567,Jewell,Brockton,jbrocktoncy@csmonitor.com,Female,6282187283444,3273,Kota Bandung
568,Rab,Bloomfield,rbloomfieldcz@skyrock.com,Male,6285104113706,3672,Kota Cilegon
569,Benny,Bysaker,bbysakerd0@ebay.co.uk,Female,6285207292614,3174,Kota Jakarta Selatan
570,Katleen,Quayle,kquayled1@vkontakte.ru,Female,6284901354871,3209,Kabupaten Cirebon
571,Teodoro,Iohananof,tiohananofd2@ft.com,Male,6282532873169,3205,Kabupaten Garut
572,Dionne,Kuhwald,dkuhwaldd3@w3.org,Female,6286042786347,3275,Kota Bekasi
573,Emili,Yerrington,eyerringtond4@time.com,Female,6289703735547,3213,Kabupaten Subang
574,Chloe,Bellingham,cbellinghamd5@nature.com,Female,6286097522662,3276,Kota Depok
575,Shandee,Bathurst,sbathurstd6@washington.edu,Female,6285251883374,3201,Kabupaten Bogor
576,Herbert,Botten,hbottend7@dyndns.org,Male,6288199499398,3328,Kabupaten Tegal
577,Saleem,Paybody,spaybodyd8@theglobeandmail.com,Male,6282591339139,3374,Kota Semarang
578,Merrile,Thornton-Dewhirst,mthorntondewhirstd9@whitehouse.gov,Female,6284652763113,3211,Kabupaten Sumedang
579,Ev,Rapi,erapida@tinypic.com,Male,6282996142270,3202,Kabupaten Sukabumi
580,Clive,Bunner,cbunnerdb@youtu.be,Male,6284191313024,3672,Kota Cilegon
581,Tobie,Oliveti,tolivetidc@patch.com,Male,6283603159502,3278,Kota Tasikmalaya
582,Ardine,Cornthwaite,acornthwaitedd@symantec.com,Female,6287981136611,3402,Kabupaten Bantul
583,Lucais,Bennetto,lbennettode@wiley.com,Male,6286555098968,3373,Kota Salatiga
584,Kelly,Serjeant,kserjeantdf@histats.com,Female,6289122304559,3205,Kabupaten Garut
585,Bengt,Dumper,bdumperdg@tripod.com,Male,6281484822083,3206,Kabupaten Tasikmalaya
586,Ross,Walklate,rwalklatedh@shareasale.com,Male,6282161215457,3375,Kota Pekalongan
587,Eolande,Tumielli,etumiellidi@sbwire.com,Female,6288848543121,3371,Kota Magelang
588,Warner,Guppy,wguppydj@kickstarter.com,Male,6287023872669,3207,Kabupaten Ciamis
589,Hal,Strotton,hstrottondk@scribd.com,Male,6282018428950,3208,Kabupaten Kuningan
590,Ulysses,Lagde,ulagdedl@telegraph.co.uk,Male,6284141274543,3671,Kota Tangerang
591,Pietrek,Shaefer,pshaeferdm@springer.com,Male,6285149061099,3671,Kota Tangerang
592,Mose,Dedham,mdedhamdn@patch.com,Male,6282223668045,3214,Kabupaten Purwakarta
593,Dolorita,Coniam,dconiamdo@tinyurl.com,Female,6281643943808,3275,Kota Bekasi
594,Violet,Wooller,vwoollerdp@bloglines.com,Female,6289518405168,3276,Kota Depok
595,Shelden,Brunone,sbrunonedq@baidu.com,Male,6285015396968,3210,Kabupaten Majalengka
596,Hillary,Wethers,hwethersdr@indiegogo.com,Female,6282087016255,3208,Kabupaten Kuningan
597,Eustacia,Weafer,eweaferds@virginia.edu,Female,6283489535398,3601,Kabupaten Pandeglang
598,Tamas,Cresar,tcresardt@tiny.cc,Male,6281329509001,3212,Kabupaten Indramayu
599,Carolynn,Mapes,cmapesdu@shinystat.com,Female,6281073228915,3172,Kota Jakarta Utara
600,Suzanne,Cassely,scasselydv@chicagotribune.com,Female,6284882664890,3602,Kabupaten Lebak
601,Baryram,Sanford,bsanforddw@va.gov,Male,6285904884537,3209,Kabupaten Cirebon
602,Ketti,Thams,kthamsdx@weather.com,Female,6289655990420,3279,Kota Banjar
603,Silva,Sandon,ssandondy@google.com.br,Female,6281246494314,3210,Kabupaten Majalengka
604,Lavena,Tern,lterndz@livejournal.com,Female,6285295772266,3101,Kabupaten Kepulauan Seribu
605,Mickie,Drust,mdruste0@aboutads.info,Male,6289936518238,3205,Kabupaten Garut
606,Wynne,Hyland,whylande1@baidu.com,Female,6289864259177,3401,Kabupaten Kulon Progo
607,Sullivan,Jennrich,sjennriche2@utexas.edu,Male,6289106692284,3203,Kabupaten Cianjur
608,Ingrim,Devaney,idevaneye3@nasa.gov,Male,6286107666405,3328,Kabupaten Tegal
609,Shoshanna,Boij,sboije4@bing.com,Female,6286262571794,3214,Kabupaten Purwakarta
610,Daniella,Purtell,dpurtelle5@omniture.com,Female,6288504104293,3213,Kabupaten Subang
611,Gordan,Gosling,ggoslinge6@wordpress.com,Male,6284687757919,3278,Kota Tasikmalaya
612,Marika,Szabo,mszaboe7@ed.gov,Female,6288963484195,3212,Kabupaten Indramayu
613,Allianora,Brandacci,abrandaccie8@hatena.ne.jp,Female,6287437747434,3208,Kabupaten Kuningan
614,Armand,Wodeland,awodelande9@nhs.uk,Male,6286073452583,3374,Kota Semarang
615,Rudolf,Golightly,rgolightlyea@marriott.com,Male,6289501591505,3673,Kota Serang
616,Kimmy,Kinkade,kkinkadeeb@discuz.net,Female,6282584045779,3210,Kabupaten Majalengka
617,Baxie,Christiensen,bchristiensenec@w3.org,Male,6289566345774,3273,Kota Bandung
618,Herbert,Greatex,hgreatexed@soup.io,Male,6282687981273,3403,Kabupaten Gunung Kidul
619,Harcourt,Owtram,howtramee@mysql.com,Male,6285056870028,3603,Kabupaten Tangerang
620,Aksel,Toth,atothef@sina.com.cn,Male,6288544927327,3273,Kota Bandung
621,Orland,Gedling,ogedlingeg@seattletimes.com,Male,6286153940233,3173,Kota Jakarta Barat
622,Stephenie,Gilks,sgilkseh@taobao.com,Female,6286965784752,3275,Kota Bekasi
623,Lilah,Dreakin,ldreakinei@nih.gov,Female,6285964885359,3604,Kabupaten Serang
624,Yorgo,Pobjoy,ypobjoyej@arizona.edu,Male,6288316205331,3213,Kabupaten Subang
625,Demetris,Seak,dseakek@businessinsider.com,Male,6286759870537,3279,Kota Banjar
626,Teodor,Lawland,tlawlandel@indiegogo.com,Male,6281248019709,3274,Kota Cirebon
627,Lowell,Skepper,lskepperem@mediafire.com,Male,6287563784001,3201,Kabupaten Bogor
628,Joletta,Liebermann,jliebermannen@deliciousdays.com,Female,6281357863868,3171,Kota Jakarta Pusat
629,Kort,Palombi,kpalombieo@forbes.com,Male,6285715852929,3210,Kabupaten Majalengka
630,Augustine,Burchess,aburchessep@stumbleupon.com,Female,6283374583337,3671,Kota Tangerang
631,Floria,Mc Gaughey,fmcgaugheyeq@dion.ne.jp,Female,6281748301479,3208,Kabupaten Kuningan
632,Dannel,Sorsbie,dsorsbieer@shinystat.com,Male,6284673173851,3212,Kabupaten Indramayu
633,Harlan,Darrel,hdarreles@foxnews.com,Male,6281031130159,3604,Kabupaten Serang
634,Algernon,Gavahan,agavahanet@yelp.com,Male,6284954756183,3202,Kabupaten Sukabumi
635,Aimee,Loeber,aloebereu@imgur.com,Female,6286092850117,3211,Kabupaten Sumedang
636,Tabatha,Proffer,tprofferev@nbcnews.com,Female,6284239854803,3372,Kota Surakarta
637,Myrna,Flanner,mflannerew@spiegel.de,Female,6281713525488,3215,Kabupaten Karawang
638,Constantine,Molder,cmolderex@salon.com,Male,6289237711696,3277,Kota Cimahi
639,Ula,Imos,uimosey@t.co,Female,6286009582689,3671,Kota Tangerang
640,Olia,Piotr,opiotrez@slashdot.org,Female,6281857708716,3276,Kota Depok
641,Pepe,Neeson,pneesonf0@so-net.ne.jp,Male,6287225519683,3209,Kabupaten Cirebon
642,Quincy,Loalday,qloaldayf1@edublogs.org,Male,6285182616009,3201,Kabupaten Bogor
643,Sherline,Waddams,swaddamsf2@ted.com,Female,6283476386850,3217,Kabupaten Bandung Barat
644,Alic,Devaney,adevaneyf3@ocn.ne.jp,Male,6285592987514,3672,Kota Cilegon
645,Garth,Unwins,gunwinsf4@lulu.com,Male,6288721678659,3202,Kabupaten Sukabumi
646,Derick,Dorkens,ddorkensf5@github.com,Male,6282775609866,3213,Kabupaten Subang
647,Christian,Bisley,cbisleyf6@mapquest.com,Female,6286242814656,3278,Kota Tasikmalaya
648,Colin,Quilter,cquilterf7@chicagotribune.com,Male,6282359131746,3672,Kota Cilegon
649,Jamey,Vaughton,jvaughtonf8@joomla.org,Male,6285165110984,3272,Kota Sukabumi
650,Haskell,Dellenty,hdellentyf9@sciencedaily.com,Male,6289182925135,3206,Kabupaten Tasikmalaya
651,Tonia,Brixey,tbrixeyfa@t.co,Female,6285315304999,3328,Kabupaten Tegal
652,Walker,Taverner,wtavernerfb@spiegel.de,Male,6281818734373,3272,Kota Sukabumi
653,Gerry,Kenyon,gkenyonfc@apache.org,Male,6289012665042,3376,Kota Tegal
654,Whitney,Tomas,wtomasfd@theglobeandmail.com,Male,6286964309292,3402,Kabupaten Bantul
655,Jaquith,Louiset,jlouisetfe@free.fr,Female,6283354666250,3209,Kabupaten Cirebon
656,Bertrando,Prydden,bpryddenff@tripod.com,Male,6286749806014,3373,Kota Salatiga
657,Gusta,Romaint,gromaintfg@comsenz.com,Female,6287683409073,3374,Kota Semarang
658,Stephani,Brewer,sbrewerfh@naver.com,Female,6285165855750,3601,Kabupaten Pandeglang
659,Seka,Maxsted,smaxstedfi@un.org,Female,6286237894113,3205,Kabupaten Garut
660,Tod,Norris,tnorrisfj@delicious.com,Male,6282712979316,3327,Kabupaten Pemalang
661,Brod,Godwyn,bgodwynfk@photobucket.com,Male,6289076477216,3174,Kota Jakarta Selatan
662,Marion,Watterson,mwattersonfl@mashable.com,Male,6284178738650,3329,Kabupaten Brebes
663,Celene,Meech,cmeechfm@dropbox.com,Female,6281953056167,3204,Kabupaten Bandung
664,Madlen,Scholar,mscholarfn@walmart.com,Female,6288222076841,3211,Kabupaten Sumedang
665,Carlyle,Bulter,cbulterfo@so-net.ne.jp,Male,6283894282826,3603,Kabupaten Tangerang
666,Minetta,Drennan,mdrennanfp@behance.net,Female,6286454629825,3212,Kabupaten Indramayu
667,Silvano,Ovens,sovensfq@angelfire.com,Male,6281628145618,3277,Kota Cimahi
668,Rozalin,Burnage,rburnagefr@t.co,Female,6289172733142,3371,Kota Magelang
669,Solomon,Sprankling,sspranklingfs@theglobeandmail.com,Male,6289519080713,3207,Kabupaten Ciamis
670,Maximo,Danilowicz,mdanilowiczft@mit.edu,Male,6282595718127,3201,Kabupaten Bogor
671,Blondell,Shewring,bshewringfu@meetup.com,Female,6283482269912,3204,Kabupaten Bandung
672,Fanya,Hartland,fhartlandfv@xrea.com,Female,6282893872755,3172,Kota Jakarta Utara
673,Gamaliel,Phateplace,gphateplacefw@uol.com.br,Male,6288649745363,3376,Kota Tegal
674,Marcello,Antoniades,mantoniadesfx@columbia.edu,Male,6287301997900,3274,Kota Cirebon
675,Alexandre,Apthorpe,aapthorpefy@hhs.gov,Male,6289371740660,3673,Kota Serang
676,Vinny,Sheekey,vsheekeyfz@soup.io,Male,6285078305049,3175,Kota Jakarta Timur
677,Dilly,Philippet,dphilippetg0@sphinn.com,Male,6285704968690,3172,Kota Jakarta Utara
678,Danny,Shervil,dshervilg1@creativecommons.org,Male,6284113810174,3206,Kabupaten Tasikmalaya
679,Martyn,Batts,mbattsg2@berkeley.edu,Male,6286955139406,3373,Kota Salatiga
680,Korella,Celle,kcelleg3@alexa.com,Female,6282411156151,3372,Kota Surakarta
681,Curtice,Hanigan,chanigang4@cbsnews.com,Male,6284212229893,3602,Kabupaten Lebak
682,Eva,Calan,ecalang5@netscape.com,Female,6289467638168,3173,Kota Jakarta Barat
683,Donella,Jarad,djaradg6@goo.gl,Female,6285801270802,3214,Kabupaten Purwakarta
684,Reece,Cornau,rcornaug7@hud.gov,Male,6281797552731,3271,Kota Bogor
685,Man,Cartman,mcartmang8@discuz.net,Male,6282569013031,3375,Kota Pekalongan
686,Ignazio,Creaney,icreaneyg9@google.pl,Male,6285362587208,3214,Kabupaten Purwakarta
687,Amitie,Tewkesberry,atewkesberryga@behance.net,Female,6287764579439,3211,Kabupaten Sumedang
688,Wayland,Fratczak,wfratczakgb@cnbc.com,Male,6289934988137,3327,Kabupaten Pemalang
689,Damaris,Gosz,dgoszgc@feedburner.com,Female,6288123946014,3208,Kabupaten Kuningan
690,Corena,Smullen,csmullengd@drupal.org,Female,6282022259482,3375,Kota Pekalongan
691,Darbie,Ackenson,dackensonge@microsoft.com,Female,6288324178277,3329,Kabupaten Brebes
692,Jon,Crease,jcreasegf@narod.ru,Male,6284917726703,3471,Kota Yogyakarta
693,Myrtle,Yesichev,myesichevgg@usda.gov,Female,6285502128765,3371,Kota Magelang
694,Tabatha,Reyburn,treyburngh@seattletimes.com,Female,6287126066659,3275,Kota Bekasi
695,Neala,Cayton,ncaytongi@jugem.jp,Female,6288964837825,3276,Kota Depok
696,Kayle,Holtaway,kholtawaygj@theguardian.com,Female,6281936265184,3207,Kabupaten Ciamis
697,Jennine,Menault,jmenaultgk@sina.com.cn,Female,6287829466413,3203,Kabupaten Cianjur
698,Corrie,Hensmans,chensmansgl@amazonaws.com,Male,6288061812885,3208,Kabupaten Kuningan
699,Bendicty,Lenchenko,blenchenkogm@xinhuanet.com,Male,6286965003115,3216,Kabupaten Bekasi
700,Baxter,Kynett,bkynettgn@washington.edu,Male,6281858946457,3209,Kabupaten Cirebon
